<?xml version="1.0" encoding="UTF-8"?>
<project-private xmlns="http://www.netbeans.org/ns/project-private/1">
    <editor-bookmarks xmlns="http://www.netbeans.org/ns/editor-bookmarks/2" lastBookmarkId="0"/>
    <open-files xmlns="http://www.netbeans.org/ns/projectui-open-files/2">
        <group>
            <file>file:/C:/Users/Issam/Documents/NetBeansProjects/Swing%20DB%20StudentMS/src/dbtest/DeleteStudentDetails.java</file>
            <file>file:/C:/Users/Issam/Documents/NetBeansProjects/Swing%20DB%20StudentMS/src/dbtest/AddNewStudent.java</file>
            <file>file:/C:/Users/Issam/Documents/NetBeansProjects/Swing%20DB%20StudentMS/src/dbtest/ModifyStudentDetails.java</file>
            <file>file:/C:/Users/Issam/Documents/NetBeansProjects/Swing%20DB%20StudentMS/src/dbtest/Home.java</file>
        </group>
    </open-files>
</project-private>
